Cites,Authors,Title,Year,Source,Publisher,ArticleURL,CitesURL,GSRank,QueryDate,Type,DOI,ISSN,CitationURL,Volume,Issue,StartPage,EndPage,ECC,CitesPerYear,CitesPerAuthor,AuthorCount,Age,Abstract,FullTextURL,RelatedURL
110,"EN Akimova, AY Bersenev, AA Deikov, KS Kobylkin…",A survey on software defect prediction using deep learning,2021,Mathematics,mdpi.com,https://www.mdpi.com/2227-7390/9/11/1180,https://scholar.google.com/scholar?cites=3037811934471409643&as_sdt=2005&sciodt=2007&hl=en,1,01-11-2025 14:27,HTML,,,,,,,,110,27.5,22,5,4,"… Defect prediction is one of … deep learning techniques, has led to many problems being solved by these methods. Our survey focuses on the deep learning techniques for defect prediction…",https://www.mdpi.com/2227-7390/9/11/1180,https://scholar.google.com/scholar?q=related:60-cANx5KCoJ:scholar.google.com/&scioq=intitle:%22defect+prediction%22+intitle:%22deep+learning%22&hl=en&as_sdt=2007&as_ylo=2016&as_yhi=2025
127,C Pornprasit…,Deeplinedp: Towards a deep learning approach for line-level defect prediction,2022,IEEE Transactions on …,ieeexplore.ieee.org,https://ieeexplore.ieee.org/abstract/document/9689967/,https://scholar.google.com/scholar?cites=8264134361839292303&as_sdt=2005&sciodt=2007&hl=en,2,01-11-2025 14:27,,,,,,,,,127,42.33,64,2,3,"… of prior deep learning-based defect prediction models is still coarsegrained (ie, file level). Different from prior work, we present a fine-grained deep learning-based defect prediction …",,https://scholar.google.com/scholar?q=related:j8-HtWoasHIJ:scholar.google.com/&scioq=intitle:%22defect+prediction%22+intitle:%22deep+learning%22&hl=en&as_sdt=2007&as_ylo=2016&as_yhi=2025
185,"G Giray, KE Bennin, Ö Köksal, Ö Babur…",On the use of deep learning in software defect prediction,2023,Journal of Systems and …,Elsevier,https://www.sciencedirect.com/science/article/pii/S0164121222002138,https://scholar.google.com/scholar?cites=3623678554911338911&as_sdt=2005&sciodt=2007&hl=en,3,01-11-2025 14:27,HTML,,,,,,,,185,92.5,37,5,2,"… Automated software defect prediction (SDP) methods are increasingly applied, often with the … Deep learning (DL) techniques provide practitioners with the opportunities to automatically …",https://www.sciencedirect.com/science/article/pii/S0164121222002138,https://scholar.google.com/scholar?q=related:n_GwVXLkSTIJ:scholar.google.com/&scioq=intitle:%22defect+prediction%22+intitle:%22deep+learning%22&hl=en&as_sdt=2007&as_ylo=2016&as_yhi=2025
58,"ZM Zain, S Sakri, NHA Ismail",Application of deep learning in software defect prediction: systematic literature review and meta-analysis,2023,Information and Software Technology,Elsevier,https://www.sciencedirect.com/science/article/pii/S0950584923000290,https://scholar.google.com/scholar?cites=4540145613049307474&as_sdt=2005&sciodt=2007&hl=en,4,01-11-2025 14:27,,,,,,,,,58,29,19,3,2,"… Despite recent attention given to Software Defect Prediction (SDP), the lack of any systematic effort to assess existing empirical evidence on the application of Deep Learning (DL) in …",,https://scholar.google.com/scholar?q=related:UiFaXmHWAT8J:scholar.google.com/&scioq=intitle:%22defect+prediction%22+intitle:%22deep+learning%22&hl=en&as_sdt=2007&as_ylo=2016&as_yhi=2025
82,"S Omri, C Sinz",Deep learning for software defect prediction: A survey,2020,Proceedings of the IEEE/ACM 42nd international …,dl.acm.org,https://dl.acm.org/doi/abs/10.1145/3387940.3391463,https://scholar.google.com/scholar?cites=14087353683658481652&as_sdt=2005&sciodt=2007&hl=en,5,01-11-2025 14:27,,10.1145/3387940.3391463,,,,,,,82,16.4,41,2,5,"… In this survey, we review the different deep learning … in deep learning methods applied to software defect prediction. … in a defect prediction framework which utilizes deep learning al…",https://www.academia.edu/download/80883408/2020-Omri-DeepTest.pdf,https://scholar.google.com/scholar?q=related:9B_Bi4lVgMMJ:scholar.google.com/&scioq=intitle:%22defect+prediction%22+intitle:%22deep+learning%22&hl=en&as_sdt=2007&as_ylo=2016&as_yhi=2025
253,"L Qiao, X Li, Q Umer, P Guo",Deep learning based software defect prediction,2020,Neurocomputing,Elsevier,https://www.sciencedirect.com/science/article/pii/S0925231219316698,https://scholar.google.com/scholar?cites=5666847558471676052&as_sdt=2005&sciodt=2007&hl=en,6,01-11-2025 14:27,,,,,,,,,253,50.6,63,4,5,"… Therefore, in this paper, we propose a novel approach that leverages deep learning … Second, we perform data modeling to prepare the data input for the deep learning model. …",https://www.academia.edu/download/94397177/j.neucom.2019.11.06720221117-1-7ljqcj.pdf,https://scholar.google.com/scholar?q=related:lHD-htSvpE4J:scholar.google.com/&scioq=intitle:%22defect+prediction%22+intitle:%22deep+learning%22&hl=en&as_sdt=2007&as_ylo=2016&as_yhi=2025
69,"D Chen, X Chen, H Li, J Xie, Y Mu",DeepCPDP: Deep learning based cross-project defect prediction,2019,IEEe Access,ieeexplore.ieee.org,https://ieeexplore.ieee.org/abstract/document/8937501/,https://scholar.google.com/scholar?cites=5522271377570317917&as_sdt=2005&sciodt=2007&hl=en,7,01-11-2025 14:27,,,,,,,,,69,11.5,14,5,6,"… Since deep learning has succeeded in many areas (such as … to apply deep learning to software defect prediction. Wang et … performance of software defect prediction, we design a new …",https://ieeexplore.ieee.org/iel7/6287639/6514899/08937501.pdf,https://scholar.google.com/scholar?q=related:XcZiRY8Mo0wJ:scholar.google.com/&scioq=intitle:%22defect+prediction%22+intitle:%22deep+learning%22&hl=en&as_sdt=2007&as_ylo=2016&as_yhi=2025
299,"T Hoang, HK Dam, Y Kamei, D Lo…",Deepjit: an end-to-end deep learning framework for just-in-time defect prediction,2019,2019 IEEE/ACM 16th …,ieeexplore.ieee.org,https://ieeexplore.ieee.org/abstract/document/8816772/,https://scholar.google.com/scholar?cites=11067923212061040492&as_sdt=2005&sciodt=2007&hl=en,8,01-11-2025 14:27,,,,,,,,,299,49.83,60,5,6,… The goal of a JIT defect prediction model is to automatically classify a commit change as … We consider the JIT defect prediction problem as a learning task to construct prediction function …,https://ink.library.smu.edu.sg/cgi/viewcontent.cgi?article=5489&context=sis_research,https://scholar.google.com/scholar?q=related:bN8yYIUpmZkJ:scholar.google.com/&scioq=intitle:%22defect+prediction%22+intitle:%22deep+learning%22&hl=en&as_sdt=2007&as_ylo=2016&as_yhi=2025
46,"M Nevendra, P Singh",Software defect prediction using deep learning,2021,Acta Polytechnica Hungarica,epa.niif.hu,http://epa.niif.hu/02400/02461/00115/pdf/EPA02461_acta_polytechnica_2021_10_173-189.pdf,https://scholar.google.com/scholar?cites=12205497235277282735&as_sdt=2005&sciodt=2007&hl=en,9,01-11-2025 14:27,PDF,,,,,,,,46,11.5,23,2,4,"… Nowadays, deep learning (DL) has played an essential role in the ML literature [7], and … deep learning model to investigate how the deep learning model will work with defect prediction …",http://epa.niif.hu/02400/02461/00115/pdf/EPA02461_acta_polytechnica_2021_10_173-189.pdf,https://scholar.google.com/scholar?q=related:r_22ZxGjYqkJ:scholar.google.com/&scioq=intitle:%22defect+prediction%22+intitle:%22deep+learning%22&hl=en&as_sdt=2007&as_ylo=2016&as_yhi=2025
23,"M Nevendra, P Singh",A survey of software defect prediction based on deep learning,2022,Archives of Computational Methods in Engineering,Springer,https://link.springer.com/article/10.1007/s11831-022-09787-8,https://scholar.google.com/scholar?cites=13413020781484432678&as_sdt=2005&sciodt=2007&hl=en,10,01-11-2025 14:27,,10.1007/s11831-022-09787-8,,,,,,,23,7.67,12,2,3,"… ""software engineering,"" ""deep learning,"" and ""defect prediction,"" that we searched on … or change level dataset and classified the defect prediction using DL models using with-version …",https://www.researchgate.net/profile/Meetesh-Nevendra/publication/362415525_A_Survey_of_Software_Defect_Prediction_Based_on_Deep_Learning/links/6631e5647091b94e93e9df0d/A-Survey-of-Software-Defect-Prediction-Based-on-Deep-Learning.pdf,https://scholar.google.com/scholar?q=related:Jt1P5VWfJLoJ:scholar.google.com/&scioq=intitle:%22defect+prediction%22+intitle:%22deep+learning%22&hl=en&as_sdt=2007&as_ylo=2016&as_yhi=2025
31,"A Hasanpour, P Farzi, A Tehrani, R Akbari",Software defect prediction based on deep learning models: Performance study,2020,arXiv preprint arXiv …,arxiv.org,https://arxiv.org/abs/2004.02589,https://scholar.google.com/scholar?cites=1667134879971541569&as_sdt=2005&sciodt=2007&hl=en,11,01-11-2025 14:27,,,,,,,,,31,6.2,8,4,5,"… In this paper, the applicability of two deep learning methods is studied for software … new way to improve defect prediction by leveraging the power of two deep learning models. The steps …",https://arxiv.org/pdf/2004.02589,https://scholar.google.com/scholar?q=related:QQJeKVfaIhcJ:scholar.google.com/&scioq=intitle:%22defect+prediction%22+intitle:%22deep+learning%22&hl=en&as_sdt=2007&as_ylo=2016&as_yhi=2025
11,"SK Pandey, A Haldar, AK Tripathi",Is deep learning good enough for software defect prediction?,2025,Innovations in Systems and Software …,Springer,https://link.springer.com/article/10.1007/s11334-023-00542-1,https://scholar.google.com/scholar?cites=4066463581729944086&as_sdt=2005&sciodt=2007&hl=en,12,01-11-2025 14:27,,10.1007/s11334-023-00542-1,,,,,,,11,11,4,3,1,"… have developed several deep learning or high computational models for software defect prediction. … This article explores the investigation of SDP using two deep learning techniques, ie, …",,https://scholar.google.com/scholar?q=related:FnITIRX7bjgJ:scholar.google.com/&scioq=intitle:%22defect+prediction%22+intitle:%22deep+learning%22&hl=en&as_sdt=2007&as_ylo=2016&as_yhi=2025
42,"N Dimitriou, L Leontaris, T Vafeiadis, D Ioannidis…",A deep learning framework for simulation and defect prediction applied in microelectronics,2020,… Modelling Practice and …,Elsevier,https://www.sciencedirect.com/science/article/pii/S1569190X19301947,https://scholar.google.com/scholar?cites=17528709387006997329&as_sdt=2005&sciodt=2007&hl=en,13,01-11-2025 14:27,,,,,,,,,42,8.4,8,5,5,… Experimental evaluation examines the impact of different choices in the cost function during training and shows that the proposed method can be efficiently used for defect prediction. …,https://arxiv.org/pdf/2002.10986,https://scholar.google.com/scholar?q=related:UXOb_1B8QvMJ:scholar.google.com/&scioq=intitle:%22defect+prediction%22+intitle:%22deep+learning%22&hl=en&as_sdt=2007&as_ylo=2016&as_yhi=2025
12,"M Jorayeva, A Akbulut, C Catal, A Mishra",Deep learning-based defect prediction for mobile applications,2022,Sensors,mdpi.com,https://www.mdpi.com/1424-8220/22/13/4734,https://scholar.google.com/scholar?cites=12122499047256089405&as_sdt=2005&sciodt=2007&hl=en,14,01-11-2025 14:27,HTML,,,,,,,,12,4,3,4,3,… defect prediction model for mobile applications. We performed cross-project and within-project experiments and also used deep learning … LSTM) to develop a defect prediction model for …,https://www.mdpi.com/1424-8220/22/13/4734,https://scholar.google.com/scholar?q=related:PeO13afEO6gJ:scholar.google.com/&scioq=intitle:%22defect+prediction%22+intitle:%22deep+learning%22&hl=en&as_sdt=2007&as_ylo=2016&as_yhi=2025
134,"A Majd, M Vahidi-Asl, A Khalilian…",SLDeep: Statement-level software defect prediction using deep-learning model on static code features,2020,Expert Systems with …,Elsevier,https://www.sciencedirect.com/science/article/pii/S0957417419308735,https://scholar.google.com/scholar?cites=1533138943857115913&as_sdt=2005&sciodt=2007&hl=en,15,01-11-2025 14:27,,,,,,,,,134,26.8,34,4,5,… -Level software defect prediction using Deep-learning model (… a novel use of deep-learning models to the solution of a … defect prediction research become more industrially-viable. …,https://faculty.utrgv.edu/dongchul.kim/6379/t6.pdf,https://scholar.google.com/scholar?q=related:CcPrG7_NRhUJ:scholar.google.com/&scioq=intitle:%22defect+prediction%22+intitle:%22deep+learning%22&hl=en&as_sdt=2007&as_ylo=2016&as_yhi=2025
29,"A Abdu, Z Zhai, HA Abdo, R Algabri, MA Al-Masni…",Semantic and traditional feature fusion for software defect prediction using hybrid deep learning model,2024,Scientific Reports,nature.com,https://www.nature.com/articles/s41598-024-65639-4,https://scholar.google.com/scholar?cites=10089958458702208187&as_sdt=2005&sciodt=2007&hl=en,16,01-11-2025 14:27,HTML,,,,,,,,29,29,5,6,1,… Software defect prediction aims to find a reliable method for predicting defects in a … defect prediction model that integrates traditional and semantic features using a hybrid deep learning …,https://www.nature.com/articles/s41598-024-65639-4,https://scholar.google.com/scholar?q=related:u5xkYcK7BowJ:scholar.google.com/&scioq=intitle:%22defect+prediction%22+intitle:%22deep+learning%22&hl=en&as_sdt=2007&as_ylo=2016&as_yhi=2025
85,"R Yedida, T Menzies",On the value of oversampling for deep learning in software defect prediction,2021,IEEE Transactions on Software …,ieeexplore.ieee.org,https://ieeexplore.ieee.org/abstract/document/9429914/,https://scholar.google.com/scholar?cites=9166508641726533624&as_sdt=2005&sciodt=2007&hl=en,17,01-11-2025 14:27,,,,,,,,,85,21.25,43,2,4,"… For the specific case of deep learning for defect prediction, we show that that truism is false. … use of oversampling prior to applying deep learning on software defect prediction datasets. …",https://arxiv.org/pdf/2008.03835,https://scholar.google.com/scholar?q=related:-I-oHAv7NX8J:scholar.google.com/&scioq=intitle:%22defect+prediction%22+intitle:%22deep+learning%22&hl=en&as_sdt=2007&as_ylo=2016&as_yhi=2025
35,"A Abdu, Z Zhai, R Algabri, HA Abdo, K Hamad…",Deep learning-based software defect prediction via semantic key features of source code—systematic survey,2022,Mathematics,mdpi.com,https://www.mdpi.com/2227-7390/10/17/3120,https://scholar.google.com/scholar?cites=13536617044750152830&as_sdt=2005&sciodt=2007&hl=en,18,01-11-2025 14:27,HTML,,,,,,,,35,11.67,6,6,3,"… deep learning models. Alternatively, the semantic feature strategies of defect prediction have … to systematically show recent software defect prediction techniques based on the source …",https://www.mdpi.com/2227-7390/10/17/3120,https://scholar.google.com/scholar?q=related:frTUbHu527sJ:scholar.google.com/&scioq=intitle:%22defect+prediction%22+intitle:%22deep+learning%22&hl=en&as_sdt=2007&as_ylo=2016&as_yhi=2025
17,"P Tadapaneni, NC Nadella, M Divyanjali…",Software defect prediction based on machine learning and deep learning,2022,2022 International …,ieeexplore.ieee.org,https://ieeexplore.ieee.org/abstract/document/9850643/,https://scholar.google.com/scholar?cites=8565369739446222223&as_sdt=2005&sciodt=2007&hl=en,19,01-11-2025 14:27,,,,,,,,,17,5.67,4,4,3,… The software defect prediction with sequence metric was proposed in paper [2]. The author studied the performance of the sequence metrics on defect prediction. The deep learning …,,https://scholar.google.com/scholar?q=related:j32SkWVO3nYJ:scholar.google.com/&scioq=intitle:%22defect+prediction%22+intitle:%22deep+learning%22&hl=en&as_sdt=2007&as_ylo=2016&as_yhi=2025
351,"S Wang, T Liu, J Nam, L Tan",Deep semantic feature learning for software defect prediction,2018,IEEE Transactions on Software …,ieeexplore.ieee.org,https://ieeexplore.ieee.org/abstract/document/8502853/,https://scholar.google.com/scholar?cites=4941038311793420381&as_sdt=2005&sciodt=2007&hl=en,20,01-11-2025 14:27,,,,,,,,,351,50.14,88,4,7,"… Traditional defect prediction features often fail to capture the semantic … and defect prediction features, we propose leveraging a powerful representation-learning algorithm, deep learning…",https://www.eecs.yorku.ca/~wangsong/papers/tse18.pdf,https://scholar.google.com/scholar?q=related:XegKdCoYkkQJ:scholar.google.com/&scioq=intitle:%22defect+prediction%22+intitle:%22deep+learning%22&hl=en&as_sdt=2007&as_ylo=2016&as_yhi=2025
27,"M Massoudi, NK Jain, P Bansal",Software defect prediction using dimensionality reduction and deep learning,2021,2021 Third International …,ieeexplore.ieee.org,https://ieeexplore.ieee.org/abstract/document/9388622/,https://scholar.google.com/scholar?cites=17554437632607770469&as_sdt=2005&sciodt=2007&hl=en,21,01-11-2025 14:27,,,,,,,,,27,6.75,9,3,4,… defect prediction has become an important aspect as a lot of time and effort is put into software testing and its debugging otherwise. Defect prediction … of software defect prediction uses a …,,https://scholar.google.com/scholar?q=related:ZddV-wTknfMJ:scholar.google.com/&scioq=intitle:%22defect+prediction%22+intitle:%22deep+learning%22&hl=en&as_sdt=2007&as_ylo=2016&as_yhi=2025
16,"V Walunj, G Gharibi, R Alanazi, Y Lee",Defect prediction using deep learning with Network Portrait Divergence for software evolution,2022,Empirical Software Engineering,Springer,https://link.springer.com/article/10.1007/s10664-022-10147-0,https://scholar.google.com/scholar?cites=9513356941122114696&as_sdt=2005&sciodt=2007&hl=en,22,01-11-2025 14:27,,10.1007/s10664-022-10147-0,,,,,,,16,5.33,4,4,3,"… properties and improve software quality through defect prediction. To prove our hypothesis, we … Third, we train two deep learning models for defect prediction: (1) a binary classifier to …",https://par.nsf.gov/servlets/purl/10341954,https://scholar.google.com/scholar?q=related:iJQU6bs7BoQJ:scholar.google.com/&scioq=intitle:%22defect+prediction%22+intitle:%22deep+learning%22&hl=en&as_sdt=2007&as_ylo=2016&as_yhi=2025
6,"F Yang, F Zhong, G Zeng, P Xiao, W Zheng",Lineflowdp: A deep learning-based two-phase approach for line-level defect prediction,2024,Empirical Software …,Springer,https://link.springer.com/article/10.1007/s10664-023-10439-z,https://scholar.google.com/scholar?cites=10531386161566360635&as_sdt=2005&sciodt=2007&hl=en,23,01-11-2025 14:27,,10.1007/s10664-023-10439-z,,,,,,,6,6,1,5,1,"… of defect prediction is still coarse, so high-risk code statements cannot be accurately located; (2) in fine-grained defect prediction… -level defect prediction method based on deep learning …",,https://scholar.google.com/scholar?q=related:O6SgkOr_JpIJ:scholar.google.com/&scioq=intitle:%22defect+prediction%22+intitle:%22deep+learning%22&hl=en&as_sdt=2007&as_ylo=2016&as_yhi=2025
21,"J Tian, Y Tian",A model based on program slice and deep learning for software defect prediction,2020,2020 29th International Conference on …,ieeexplore.ieee.org,https://ieeexplore.ieee.org/abstract/document/9209658/,https://scholar.google.com/scholar?cites=12954719269010185120&as_sdt=2005&sciodt=2007&hl=en,24,01-11-2025 14:27,,,,,,,,,21,4.2,11,2,5,… propose a software defect prediction model based on program slice and deep learning. We … both withinproject defect prediction and cross-project defect prediction using the dataset of …,,https://scholar.google.com/scholar?q=related:oJtCwoloyLMJ:scholar.google.com/&scioq=intitle:%22defect+prediction%22+intitle:%22deep+learning%22&hl=en&as_sdt=2007&as_ylo=2016&as_yhi=2025
14,"W Wen, R Zhang, C Wang, C Shen, M Yu…",A cross-project defect prediction model based on deep learning with self-attention,2022,IEEE …,ieeexplore.ieee.org,https://ieeexplore.ieee.org/abstract/document/9919153/,https://scholar.google.com/scholar?cites=12549227732767766459&as_sdt=2005&sciodt=2007&hl=en,25,01-11-2025 14:27,,,,,,,,,14,4.67,2,6,3,"… effectiveness of applying deep learning in the field of software defect prediction, and we will try to use other deep learning-based models in the area of cross-project defect prediction. In …",https://ieeexplore.ieee.org/iel7/6287639/6514899/09919153.pdf,https://scholar.google.com/scholar?q=related:u3caYSLQJ64J:scholar.google.com/&scioq=intitle:%22defect+prediction%22+intitle:%22deep+learning%22&hl=en&as_sdt=2007&as_ylo=2016&as_yhi=2025
10,"RU Khan, S Albahli, W Albattah…",Software defect prediction via deep learning,2020,Int J Innov Technol Explor …,academia.edu,https://www.academia.edu/download/76602031/D1858029420.pdf,https://scholar.google.com/scholar?cites=11746883130611255667&as_sdt=2005&sciodt=2007&hl=en,26,01-11-2025 14:27,PDF,,,,,,,,10,2,3,4,5,"… Deep Learning that can be competitive classifiers and provide more robust for detecting defect prediction… we use Deep learning, we mean the usage of Deep learning for classifying …",https://www.academia.edu/download/76602031/D1858029420.pdf,https://scholar.google.com/scholar?q=related:c8kcOvhPBaMJ:scholar.google.com/&scioq=intitle:%22defect+prediction%22+intitle:%22deep+learning%22&hl=en&as_sdt=2007&as_ylo=2016&as_yhi=2025
14,"W Liu, B Wang, W Wang",Deep learning software defect prediction methods for cloud environments research,2021,Scientific Programming,Wiley Online Library,https://onlinelibrary.wiley.com/doi/abs/10.1155/2021/2323100,https://scholar.google.com/scholar?cites=10327501252367455174&as_sdt=2005&sciodt=2007&hl=en,27,01-11-2025 14:27,,10.1155/2021/2323100,,,,,,,14,3.5,5,3,4,"… of software defect prediction methods in a cloud environment and uses a deep learning … A cost-sensitive deep ladder network-based software defect prediction model is proposed, …",https://onlinelibrary.wiley.com/doi/pdf/10.1155/2021/2323100,https://scholar.google.com/scholar?q=related:xpPD7KunUo8J:scholar.google.com/&scioq=intitle:%22defect+prediction%22+intitle:%22deep+learning%22&hl=en&as_sdt=2007&as_ylo=2016&as_yhi=2025
51,"S Oster, PP Breese, A Ulbricht, G Mohr…",A deep learning framework for defect prediction based on thermographic in-situ monitoring in laser powder bed fusion,2024,Journal of Intelligent …,Springer,https://link.springer.com/article/10.1007/s10845-023-02117-0,https://scholar.google.com/scholar?cites=439957019472452237&as_sdt=2005&sciodt=2007&hl=en,28,01-11-2025 14:27,HTML,10.1007/s10845-023-02117-0,,,,,,,51,51,10,5,1,The prediction of porosity is a crucial task for metal based additive manufacturing techniques such as laser powder bed fusion. Short wave infrared thermography as an in-situ …,https://link.springer.com/article/10.1007/s10845-023-02117-0,https://scholar.google.com/scholar?q=related:jVoYBpQKGwYJ:scholar.google.com/&scioq=intitle:%22defect+prediction%22+intitle:%22deep+learning%22&hl=en&as_sdt=2007&as_ylo=2016&as_yhi=2025
13,"W Albattah, M Alzahrani",Software Defect Prediction Based on Machine Learning and Deep Learning Techniques: An Empirical Approach,2024,AI,mdpi.com,https://www.mdpi.com/2673-2688/5/4/86,https://scholar.google.com/scholar?cites=18148023655098334229&as_sdt=2005&sciodt=2007&hl=en,29,01-11-2025 14:27,HTML,,,,,,,,13,13,7,2,1,"… defect prediction research and focused on the critical role of trustworthy datasets. Several relevant studies on software defect prediction, … datasets for defect prediction and examining the …",https://www.mdpi.com/2673-2688/5/4/86,https://scholar.google.com/scholar?q=related:FbyFqVy72vsJ:scholar.google.com/&scioq=intitle:%22defect+prediction%22+intitle:%22deep+learning%22&hl=en&as_sdt=2007&as_ylo=2016&as_yhi=2025
17,"Z Li, T Li, YM Wu, L Yang, H Miao…",Software defect prediction based on hybrid swarm intelligence and deep learning,2021,Computational …,Wiley Online Library,https://onlinelibrary.wiley.com/doi/abs/10.1155/2021/4997459,https://scholar.google.com/scholar?cites=24736303517795444&as_sdt=2005&sciodt=2007&hl=en,30,01-11-2025 14:27,,10.1155/2021/4997459,,,,,,,17,4.25,3,6,4,"… technology and dynamic software defect prediction technology. This article studies static software defect prediction technology, which is to construct software defect prediction through …",https://onlinelibrary.wiley.com/doi/pdf/10.1155/2021/4997459,https://scholar.google.com/scholar?q=related:dAQ8eInhVwAJ:scholar.google.com/&scioq=intitle:%22defect+prediction%22+intitle:%22deep+learning%22&hl=en&as_sdt=2007&as_ylo=2016&as_yhi=2025
9,"R van Dinter, C Catal, G Giray, B Tekinerdogan",Just-in-time defect prediction for mobile applications: using shallow or deep learning?,2023,Software Quality Journal,Springer,https://link.springer.com/article/10.1007/s11219-023-09629-1,https://scholar.google.com/scholar?cites=17409743739368933026&as_sdt=2005&sciodt=2007&hl=en,31,01-11-2025 14:27,HTML,10.1007/s11219-023-09629-1,,,,,,,9,4.5,2,4,2,"… Just-in-time defect prediction (JITDP) research is increasingly focused on program changes … defect prediction models have been built since the early 2000s, and recently, deep learning-…",https://link.springer.com/article/10.1007/s11219-023-09629-1,https://scholar.google.com/scholar?q=related:ooaqr7DVm_EJ:scholar.google.com/&scioq=intitle:%22defect+prediction%22+intitle:%22deep+learning%22&hl=en&as_sdt=2007&as_ylo=2016&as_yhi=2025
113,"J Chen, K Hu, Y Yu, Z Chen, Q Xuan, Y Liu…",Software visualization and deep transfer learning for effective software defect prediction,2020,Proceedings of the ACM …,dl.acm.org,https://dl.acm.org/doi/abs/10.1145/3377811.3380389,https://scholar.google.com/scholar?cites=4709837325825118957&as_sdt=2005&sciodt=2007&hl=en,32,01-11-2025 14:27,,10.1145/3377811.3380389,,,,,,,113,22.6,16,7,5,"… the gap between deep learning and defect prediction, we … trained, deep learning model for defect prediction. Experiments … project and within-project defect prediction. Our code and data …",https://web.cs.ucdavis.edu/~filkov/papers/DTLDP_ICSE2020.pdf,https://scholar.google.com/scholar?q=related:7ZKuExi0XEEJ:scholar.google.com/&scioq=intitle:%22defect+prediction%22+intitle:%22deep+learning%22&hl=en&as_sdt=2007&as_ylo=2016&as_yhi=2025
3,Y Zhang,Software defect prediction model based on deep learning,2024,"2024 International Conference on Power, Electrical …",ieeexplore.ieee.org,https://ieeexplore.ieee.org/abstract/document/10836020/,https://scholar.google.com/scholar?cites=11634535726458632781&as_sdt=2005&sciodt=2007&hl=en,33,01-11-2025 14:27,,,,,,,,,3,3,3,1,1,"… between the DL based software defect prediction model proposed in this paper and the traditional ML based software defect prediction model in defect prediction tasks. From the figure, …",,https://scholar.google.com/scholar?q=related:TXoozpksdqEJ:scholar.google.com/&scioq=intitle:%22defect+prediction%22+intitle:%22deep+learning%22&hl=en&as_sdt=2007&as_ylo=2016&as_yhi=2025
21,"S Qiu, L Lu, Z Cai, S Jiang",Cross-Project Defect Prediction via Transferable Deep Learning-Generated and Handcrafted Features.,2019,SEKE,ksiresearch.org,http://ksiresearch.org/seke/seke19paper/seke19paper_70.pdf,https://scholar.google.com/scholar?cites=8191431105132666098&as_sdt=2005&sciodt=2007&hl=en,34,01-11-2025 14:27,PDF,,,,,,,,21,3.5,5,4,6,"… researchers have used deep learning algorithms to extract the … -project defect prediction (CPDP) tasks, whether deep learning-… In addition, we will try to solve the defect prediction across …",http://ksiresearch.org/seke/seke19paper/seke19paper_70.pdf,https://scholar.google.com/scholar?q=related:8pyEpzDPrXEJ:scholar.google.com/&scioq=intitle:%22defect+prediction%22+intitle:%22deep+learning%22&hl=en&as_sdt=2007&as_ylo=2016&as_yhi=2025
7,"C Ni, K Yang, Y Zhu, X Chen…","Unifying defect prediction, categorization, and repair by multi-task deep learning",2023,2023 38th IEEE/ACM …,ieeexplore.ieee.org,https://ieeexplore.ieee.org/abstract/document/10298436/,https://scholar.google.com/scholar?cites=8236903088424587037&as_sdt=2005&sciodt=2007&hl=en,35,01-11-2025 14:27,,,,,,,,,7,3.5,1,5,2,"… ) approaches on several tasks involving: defect prediction [4], [8], … In particular, for the defect prediction task, on average, … We propose a unified defect prediction and repair framework …",,https://scholar.google.com/scholar?q=related:HY_dyrdbT3IJ:scholar.google.com/&scioq=intitle:%22defect+prediction%22+intitle:%22deep+learning%22&hl=en&as_sdt=2007&as_ylo=2016&as_yhi=2025
8,"A Mishra, A Sharma",Deep learning based continuous integration and continuous delivery software defect prediction with effective optimization strategy,2024,Knowledge-Based Systems,Elsevier,https://www.sciencedirect.com/science/article/pii/S0950705124004696,https://scholar.google.com/scholar?cites=12969841198015875994&as_sdt=2005&sciodt=2007&hl=en,36,01-11-2025 14:27,,,,,,,,,8,8,4,2,1,"… Software defect prediction is one of the most difficult tasks in … (CI/CD) software defect prediction is used in earlier stage, which … deep learning (DL)-based CI/CD software defect prediction …",,https://scholar.google.com/scholar?q=related:mov2ONoh_rMJ:scholar.google.com/&scioq=intitle:%22defect+prediction%22+intitle:%22deep+learning%22&hl=en&as_sdt=2007&as_ylo=2016&as_yhi=2025
26,"K Zhao, Z Xu, M Yan, Y Tang, M Fan…",Just-in-time defect prediction for Android apps via imbalanced deep learning model,2021,Proceedings of the 36th …,dl.acm.org,https://dl.acm.org/doi/abs/10.1145/3412841.3442019,https://scholar.google.com/scholar?cites=12333569551180670016&as_sdt=2005&sciodt=2007&hl=en,37,01-11-2025 14:27,,10.1145/3412841.3442019,,,,,,,26,6.5,4,6,4,… the JIT defect prediction for … JIT defect prediction at the code change or commit level. Different from [3][4] that explored the traditional machine learning classifiers for JIT defect prediction …,https://drive.google.com/file/d/1iIcLOkZBL5T70G8sDh3nA2q-pa78m2Dh/view,https://scholar.google.com/scholar?q=related:QKSyJimkKasJ:scholar.google.com/&scioq=intitle:%22defect+prediction%22+intitle:%22deep+learning%22&hl=en&as_sdt=2007&as_ylo=2016&as_yhi=2025
8,"K Sekaran, LSP Annabel",A deep learning based model for defect prediction in intra-project software,2023,2023 7th International Conference …,ieeexplore.ieee.org,https://ieeexplore.ieee.org/abstract/document/10126014/,https://scholar.google.com/scholar?cites=9859921409503173965&as_sdt=2005&sciodt=2007&hl=en,38,01-11-2025 14:27,,,,,,,,,8,4,4,2,2,"… However, techniques based on Deep Learning … defect prediction has been used in this study because there is a large amount of labelled data accessible. This software defect prediction …",,https://scholar.google.com/scholar?q=related:TZ20Jkh61YgJ:scholar.google.com/&scioq=intitle:%22defect+prediction%22+intitle:%22deep+learning%22&hl=en&as_sdt=2007&as_ylo=2016&as_yhi=2025
9,"S Zhang, S Jiang, Y Yan",A hierarchical feature ensemble deep learning approach for software defect prediction,2023,International Journal of Software …,World Scientific,https://www.worldscientific.com/doi/abs/10.1142/S0218194023500079,https://scholar.google.com/scholar?cites=10937313748467818380&as_sdt=2005&sciodt=2007&hl=en,39,01-11-2025 14:27,,10.1142/S0218194023500079,,,,,,,9,4.5,3,3,2,"… Our approach is a software defect prediction approach based on deep learning. Therefore, we believe that di®erent training data sizes may have an impact on prediction performance. …",,https://scholar.google.com/scholar?q=related:jJ9r5uckyZcJ:scholar.google.com/&scioq=intitle:%22defect+prediction%22+intitle:%22deep+learning%22&hl=en&as_sdt=2007&as_ylo=2016&as_yhi=2025
12,"K Zhu, N Zhang, Q Zhang, S Ying…",Software Defect Prediction Based on Non-Linear Manifold Learning and Hybrid Deep Learning Techniques.,2020,"Computers, Materials & …",search.ebscohost.com,https://search.ebscohost.com/login.aspx?direct=true&profile=ehost&scope=site&authtype=crawler&jrnl=15462218&AN=145466137&h=qQOPHwbkKMjaawc2pUKM9fAUtYSrkYJgGFalzsRfMluUHKa875aeAQdQFIevjNgLrRX2LZuRnxluywD00nrEJw%3D%3D&crl=c,https://scholar.google.com/scholar?cites=12019184101830184902&as_sdt=2005&sciodt=2007&hl=en,40,01-11-2025 14:27,,,,,,,,,12,2.4,2,5,5,"… to the deep semantic feature representation from deep learning techniques. To address these … a novel defect prediction model named DLDD based on hybrid deep learning techniques, …",https://cdn.techscience.press/uploads/attached/file/20200820/20200820031415_80035.pdf,https://scholar.google.com/scholar?q=related:xk-cn0K4zKYJ:scholar.google.com/&scioq=intitle:%22defect+prediction%22+intitle:%22deep+learning%22&hl=en&as_sdt=2007&as_ylo=2016&as_yhi=2025
8,"K Zhu, N Zhang, C Jiang, D Zhu",IMDAC: A robust intelligent software defect prediction model via multi‐objective optimization and end‐to‐end hybrid deep learning networks,2024,Software: Practice and …,Wiley Online Library,https://onlinelibrary.wiley.com/doi/abs/10.1002/spe.3274,https://scholar.google.com/scholar?cites=5535572467511355305&as_sdt=2005&sciodt=2007&hl=en,41,01-11-2025 14:27,,10.1002/spe.3274,,,,,,,8,8,2,4,1,"… work on SDP using deep learning methods, such as CNN … Furthermore, we proposed a just-in-time defect prediction … than a just-in-time defect prediction model for fine-grained code-…",,https://scholar.google.com/scholar?q=related:qWdymtRN0kwJ:scholar.google.com/&scioq=intitle:%22defect+prediction%22+intitle:%22deep+learning%22&hl=en&as_sdt=2007&as_ylo=2016&as_yhi=2025
1,"S Mehta, L Kumar, S Misra, KS Patnaik, V Singh",Nested deep learning with learned network embeddings for software defect prediction,2025,Applied Soft Computing,Elsevier,https://www.sciencedirect.com/science/article/pii/S1568494625003680,https://scholar.google.com/scholar?cites=470087469946773699&as_sdt=2005&sciodt=2007&hl=en,42,01-11-2025 14:27,HTML,,,,,,,,1,1,0,5,1,"… Existing software (SW) defect prediction approaches and the … improved defect prediction model, the Nested Deep Learning … an NDL model with three deep learning layers and dropout—…",https://www.sciencedirect.com/science/article/pii/S1568494625003680,https://scholar.google.com/scholar?q=related:wyCKMxAWhgYJ:scholar.google.com/&scioq=intitle:%22defect+prediction%22+intitle:%22deep+learning%22&hl=en&as_sdt=2007&as_ylo=2016&as_yhi=2025
23,"F Alghanim, M Azzeh, A El-Hassan, H Qattous",Software defect density prediction using deep learning,2022,IEEE Access,ieeexplore.ieee.org,https://ieeexplore.ieee.org/abstract/document/9931128/,https://scholar.google.com/scholar?cites=10083032172311220305&as_sdt=2005&sciodt=2007&hl=en,43,01-11-2025 14:27,,,,,,,,,23,7.67,6,4,3,"… In the field of defect prediction, we found multiple studies that use deep learning (especially convolutional neural network) to predict bugs from log files. Most of these studies were …",https://ieeexplore.ieee.org/iel7/6287639/6514899/09931128.pdf,https://scholar.google.com/scholar?q=related:URByqVYg7osJ:scholar.google.com/&scioq=intitle:%22defect+prediction%22+intitle:%22deep+learning%22&hl=en&as_sdt=2007&as_ylo=2016&as_yhi=2025
1,"Y Zhou, X Liu, Z Guo, Y Zhou…",Deep learning or classical machine learning? An empirical study on line‐level software defect prediction,2024,Journal of Software …,Wiley Online Library,https://onlinelibrary.wiley.com/doi/abs/10.1002/smr.2696,https://scholar.google.com/scholar?cites=13652964903765585014&as_sdt=2005&sciodt=2007&hl=en,44,01-11-2025 14:27,,10.1002/smr.2696,,,,,,,1,1,0,5,1,… Line-level software defect prediction (LL-SDP) predicts whether a line … defect prediction models that operate at coarser granularities (such as file-level or function-level defect prediction 6…,,https://scholar.google.com/scholar?q=related:dqzSUz4Teb0J:scholar.google.com/&scioq=intitle:%22defect+prediction%22+intitle:%22deep+learning%22&hl=en&as_sdt=2007&as_ylo=2016&as_yhi=2025
8,"A Ho, N Nhat Hai, B Thi-Mai-Anh",Combining deep learning and kernel PCA for software defect prediction,2022,Proceedings of the 11th International …,dl.acm.org,https://dl.acm.org/doi/abs/10.1145/3568562.3568587,https://scholar.google.com/scholar?cites=252098866108389611&as_sdt=2005&sciodt=2007&hl=en,45,01-11-2025 14:27,,10.1145/3568562.3568587,,,,,,,8,2.67,3,3,3,"… Software defect prediction aims to automatically determine … Previous studies for software defect prediction mainly focus on … PCA technique in software defect prediction, we compared it …",,https://scholar.google.com/scholar?q=related:61irQpWifwMJ:scholar.google.com/&scioq=intitle:%22defect+prediction%22+intitle:%22deep+learning%22&hl=en&as_sdt=2007&as_ylo=2016&as_yhi=2025
5,"X Zhou, DG Han, D Lo",Bridging expert knowledge with deep learning techniques for just-in-time defect prediction,2025,Empirical Software Engineering,Springer,https://link.springer.com/article/10.1007/s10664-024-10591-0,https://scholar.google.com/scholar?cites=6140147265454463933&as_sdt=2005&sciodt=2007&hl=en,46,01-11-2025 14:27,,10.1007/s10664-024-10591-0,,,,,,,5,5,2,3,1,"… We briefly introduce those two Deep Learning-based JIT defect prediction approaches in this subsection. In addition, though not designed for this task, we also include a popular pre-…",https://arxiv.org/pdf/2403.11079,https://scholar.google.com/scholar?q=related:vdv_8WcvNlUJ:scholar.google.com/&scioq=intitle:%22defect+prediction%22+intitle:%22deep+learning%22&hl=en&as_sdt=2007&as_ylo=2016&as_yhi=2025
8,"MP Sasankar, G Sakarkar",Cross project defect prediction using deep learning techniques,2022,… Conference on Artificial Intelligence &Big Data …,ijecs.net,https://ijecs.net/publish/30_9892_70N.pdf,https://scholar.google.com/scholar?cites=17283801456551872863&as_sdt=2005&sciodt=2007&hl=en,48,01-11-2025 14:27,PDF,,,,,,,,8,2.67,4,2,3,"… and Deep learning work better than Bayes network and SVM (on all five datasets). In the proposed model of defect prediction, … This paper uses state-of-the-art deep learning and random …",https://ijecs.net/publish/30_9892_70N.pdf,https://scholar.google.com/scholar?q=related:X0kn6tll3O8J:scholar.google.com/&scioq=intitle:%22defect+prediction%22+intitle:%22deep+learning%22&hl=en&as_sdt=2007&as_ylo=2016&as_yhi=2025
8,"J Choi, T Kim, D Ryu, J Baik…",Just-in-time defect prediction for self-driving software via a deep learning model,2023,Journal of Web …,ieeexplore.ieee.org,https://ieeexplore.ieee.org/abstract/document/10243560/,https://scholar.google.com/scholar?cites=1359356839607106412&as_sdt=2005&sciodt=2007&hl=en,49,01-11-2025 14:27,,,,,,,,,8,4,2,5,2,"… a case in which JIT defect prediction was performed on edge computing … a JIT defect prediction model via deep learning for edge … To do this, we perform defect prediction on self-driving …",https://ieeexplore.ieee.org/iel7/10243554/10243559/10243560.pdf,https://scholar.google.com/scholar?q=related:bHvH69dn3RIJ:scholar.google.com/&scioq=intitle:%22defect+prediction%22+intitle:%22deep+learning%22&hl=en&as_sdt=2007&as_ylo=2016&as_yhi=2025
1,"M Nevendra, P Singh",TRGNet: a deep transfer learning approach for software defect prediction,2025,Expert Systems with Applications,Elsevier,https://www.sciencedirect.com/science/article/pii/S0957417425014216,https://scholar.google.com/scholar?cites=4461145192386699247&as_sdt=2005&sciodt=2007&hl=en,50,01-11-2025 14:27,,,,,,,,,1,1,1,2,1,… for accurate prediction by using deep learning. But the source … module metrics for software defect prediction. To take the … defect prediction (WPDP) and cross-project defect prediction …,,https://scholar.google.com/scholar?q=related:75-mk-or6T0J:scholar.google.com/&scioq=intitle:%22defect+prediction%22+intitle:%22deep+learning%22&hl=en&as_sdt=2007&as_ylo=2016&as_yhi=2025
5,P Jiang,Research on software defect prediction technology based on deep learning,2021,2021 2nd International Conference on Computing and …,ieeexplore.ieee.org,https://ieeexplore.ieee.org/abstract/document/9463239/,https://scholar.google.com/scholar?cites=8797893848946000639&as_sdt=2005&sciodt=2007&hl=en,51,01-11-2025 14:27,,,,,,,,,5,1.25,5,1,4,… deep learning on these feature data. Then the learned features are used as the input vector of the SVM for defect prediction. … construction and defect prediction according to this report. …,,https://scholar.google.com/scholar?q=related:_0IFptdlGHoJ:scholar.google.com/&scioq=intitle:%22defect+prediction%22+intitle:%22deep+learning%22&hl=en&as_sdt=2007&as_ylo=2016&as_yhi=2025
1,Z Shen,An Empirical Systematic Study of Deep Learning-Based Software Defect Prediction Models in Complex Systems,2024,2024 IEEE 7th International Conference on …,ieeexplore.ieee.org,https://ieeexplore.ieee.org/abstract/document/10761329/,https://scholar.google.com/scholar?cites=12938674499437083984&as_sdt=2005&sciodt=2007&hl=en,52,01-11-2025 14:27,,,,,,,,,1,1,1,1,1,"… In conclusion, the work presented in this paper opens a new horizon in the field of deep learning-based software defect prediction and confirms the strong potential of LSTM in this field. …",,https://scholar.google.com/scholar?q=related:UD1au-dnj7MJ:scholar.google.com/&scioq=intitle:%22defect+prediction%22+intitle:%22deep+learning%22&hl=en&as_sdt=2007&as_ylo=2016&as_yhi=2025
45,"G Fan, X Diao, H Yu, K Yang…",Deep semantic feature learning with embedded static metrics for software defect prediction,2019,2019 26th Asia-Pacific …,ieeexplore.ieee.org,https://ieeexplore.ieee.org/abstract/document/8946058/,https://scholar.google.com/scholar?cites=4031731532204593603&as_sdt=2005&sciodt=2007&hl=en,53,01-11-2025 14:27,,,,,,,,,45,7.5,9,5,6,"… defect prediction methods is the defect features. Instead of only using the static code attributes, we utilize deep learning … code metrics to train a more accurate defect prediction model. …",,https://scholar.google.com/scholar?q=related:w9HLrneW8zcJ:scholar.google.com/&scioq=intitle:%22defect+prediction%22+intitle:%22deep+learning%22&hl=en&as_sdt=2007&as_ylo=2016&as_yhi=2025
2,J Charles,Revolutionizing Software Defect Prediction Through Deep Learning,2024,2024 7th International Conference on Circuit …,ieeexplore.ieee.org,https://ieeexplore.ieee.org/abstract/document/10673411/,https://scholar.google.com/scholar?cites=14738777845967318458&as_sdt=2005&sciodt=2007&hl=en,54,01-11-2025 14:27,,,,,,,,,2,2,2,1,1,"… classifiers in defect prediction. The study aimed to improve defect prediction accuracy … , and SVM, the study compared defect prediction accuracy with and without feature selection…",,https://scholar.google.com/scholar?q=related:um1HjFyoiswJ:scholar.google.com/&scioq=intitle:%22defect+prediction%22+intitle:%22deep+learning%22&hl=en&as_sdt=2007&as_ylo=2016&as_yhi=2025
6,"F Feyzi, A Daneshdoost",Studying the effectiveness of deep active learning in software defect prediction,2023,International Journal of Computers and …,Taylor &Francis,https://www.tandfonline.com/doi/abs/10.1080/1206212X.2023.2252117,https://scholar.google.com/scholar?cites=6856212947681226470&as_sdt=2005&sciodt=2007&hl=en,55,01-11-2025 14:27,,10.1080/1206212X.2023.2252117,,,,,,,6,3,3,2,2,"… defect prediction, where observations of defects or failures are rare. To explore the power … deep learning for defect prediction, we propose two deep learning-based defect prediction …",,https://scholar.google.com/scholar?q=related:5i75olkpJl8J:scholar.google.com/&scioq=intitle:%22defect+prediction%22+intitle:%22deep+learning%22&hl=en&as_sdt=2007&as_ylo=2016&as_yhi=2025
79,"Z Xu, S Li, J Xu, J Liu, X Luo, Y Zhang, T Zhang…",LDFR: Learning deep feature representation for software defect prediction,2019,Journal of Systems and …,Elsevier,https://www.sciencedirect.com/science/article/pii/S0164121219301761,https://scholar.google.com/scholar?cites=1421284595870302094&as_sdt=2005&sciodt=2007&hl=en,56,01-11-2025 14:27,,,,,,,,,79,13.17,10,8,6,"Software Defect Prediction (SDP) aims to detect defective modules to enable the reasonable allocation of testing resources, which is an economically critical activity in software quality …",https://www4.comp.polyu.edu.hk/~csxluo/LDFR.pdf,https://scholar.google.com/scholar?q=related:jn-VRc9quRMJ:scholar.google.com/&scioq=intitle:%22defect+prediction%22+intitle:%22deep+learning%22&hl=en&as_sdt=2007&as_ylo=2016&as_yhi=2025
9,"KT Lee, YS Lee, H Yoon",Development of edge-based deep learning prediction model for defect prediction in manufacturing process,2019,2019 International Conference on …,ieeexplore.ieee.org,https://ieeexplore.ieee.org/abstract/document/8939905/,https://scholar.google.com/scholar?cites=6926240510073464221&as_sdt=2005&sciodt=2007&hl=en,57,01-11-2025 14:27,,,,,,,,,9,1.5,3,3,6,"… Defect prediction of lens module in manufacturing process … the product quality using deep learning. We designed prediction … Furthermore, to enable real-time defect prediction on-device …",,https://scholar.google.com/scholar?q=related:nWXZDwzzHmAJ:scholar.google.com/&scioq=intitle:%22defect+prediction%22+intitle:%22deep+learning%22&hl=en&as_sdt=2007&as_ylo=2016&as_yhi=2025
8,"AA Saifan, N Al Smadi",Source code-based defect prediction using deep learning and transfer learning,2019,Intelligent Data Analysis,journals.sagepub.com,https://journals.sagepub.com/doi/abs/10.3233/IDA-184297,https://scholar.google.com/scholar?cites=12878439511405006918&as_sdt=2005&sciodt=2007&hl=en,58,01-11-2025 14:27,,10.3233/IDA-184297,,,,,,,8,1.33,4,2,6,"… of the defect prediction model, this study encouraged us to explore the role of traditional static metrics only using DBN model with transfer learning to improve defect prediction. …",,https://scholar.google.com/scholar?q=related:RpCmsoBoubIJ:scholar.google.com/&scioq=intitle:%22defect+prediction%22+intitle:%22deep+learning%22&hl=en&as_sdt=2007&as_ylo=2016&as_yhi=2025
3,"F Zhang, Y Che, T Liang, W Jiang",Clone consistent-defect prediction based on deep learning method,2023,Information Sciences,Elsevier,https://www.sciencedirect.com/science/article/pii/S0020025523003031,https://scholar.google.com/scholar?cites=10302714838923332533&as_sdt=2005&sciodt=2007&hl=en,59,01-11-2025 14:27,,,,,,,,,3,1.5,1,4,2,… whether deep learning technology can enhance the effectiveness of clone consistent-defect prediction… We conclude that deep learning technology may successfully assist developers in …,,https://scholar.google.com/scholar?q=related:tcsrVI-Y-o4J:scholar.google.com/&scioq=intitle:%22defect+prediction%22+intitle:%22deep+learning%22&hl=en&as_sdt=2007&as_ylo=2016&as_yhi=2025
0,"S PS, M Lokhande, R Jothilakshmi…",Hybrid deep learning approach for software defect prediction: Diffusion kernel attention and gudermannian networks,2025,Information …,journals.sagepub.com,https://journals.sagepub.com/doi/abs/10.1177/02666669251342553,,60,01-11-2025 14:27,,10.1177/02666669251342553,,,,,,,0,0,0,4,1,"… In the past few years, Software Defect Prediction (SDP) has … slightly better models of defect prediction for some datasets, but … Another major issue with defect prediction is the variability …",,https://scholar.google.com/scholar?q=related:zWfRfyEWtTAJ:scholar.google.com/&scioq=intitle:%22defect+prediction%22+intitle:%22deep+learning%22&hl=en&as_sdt=2007&as_ylo=2016&as_yhi=2025
1,"PR Bal, S Kumar",Cross Project Defect Prediction using Dropout Regularized Deep Learning and Unique Matched Metrics,2025,ACM Transactions on Management Information …,dl.acm.org,https://dl.acm.org/doi/abs/10.1145/3698109,https://scholar.google.com/scholar?cites=3750398289412304847&as_sdt=2005&sciodt=2007&hl=en,61,01-11-2025 14:27,,10.1145/3698109,,,,,,,1,1,1,2,1,The primary goal of software defect prediction (SDP) is to predict the software defects for a … : Within-project Defect Prediction (WPDP) and Cross-project Defect Prediction (CPDP). The …,https://dl.acm.org/doi/pdf/10.1145/3698109,https://scholar.google.com/scholar?q=related:zy-nrl8XDDQJ:scholar.google.com/&scioq=intitle:%22defect+prediction%22+intitle:%22deep+learning%22&hl=en&as_sdt=2007&as_ylo=2016&as_yhi=2025
31,"A Abdu, Z Zhai, HA Abdo…",Software defect prediction based on deep representation learning of source code from contextual syntax and semantic graph,2024,IEEE Transactions on …,ieeexplore.ieee.org,https://ieeexplore.ieee.org/abstract/document/10418777/,https://scholar.google.com/scholar?cites=7958986900409022495&as_sdt=2005&sciodt=2007&hl=en,62,01-11-2025 14:27,,,,,,,,,31,31,8,4,1,"… may reduce defect prediction performance. With the rapid advances in deep learning applications, researchers have leveraged deep learning to build defect prediction models that …",,https://scholar.google.com/scholar?q=related:H_jd2moAdG4J:scholar.google.com/&scioq=intitle:%22defect+prediction%22+intitle:%22deep+learning%22&hl=en&as_sdt=2007&as_ylo=2016&as_yhi=2025
3,S Gurung,Performing Software Defect Prediction Using Deep Learning,2021,International Conference on Cognition and …,Springer,https://link.springer.com/chapter/10.1007/978-3-031-22405-8_25,https://scholar.google.com/scholar?cites=11526448469452004135&as_sdt=2005&sciodt=2007&hl=en,63,01-11-2025 14:27,,10.1007/978-3-031-22405-8_25,,,,,,,3,0.75,3,1,4,… a novel deep learning technique for anomaly prediction in software. It is trained through a joint loss function that simultaneously takes into account the defect prediction … defect prediction …,,https://scholar.google.com/scholar?q=related:JxuIL9Ar9p8J:scholar.google.com/&scioq=intitle:%22defect+prediction%22+intitle:%22deep+learning%22&hl=en&as_sdt=2007&as_ylo=2016&as_yhi=2025
12,"S Kim, S Kim, KR Ryu",Deep learning experiments with skewed data for defect prediction in plastic injection molding,2018,2018 IEEE/ACS 15th International …,ieeexplore.ieee.org,https://ieeexplore.ieee.org/abstract/document/8612875/,https://scholar.google.com/scholar?cites=13081218256304086285&as_sdt=2005&sciodt=2007&hl=en,64,01-11-2025 14:27,,,,,,,,,12,1.71,4,3,7,"In this work, we investigate the possibility of predicting defects in plastic injection molding by learning predictive models from time-series process data collected from a molding machine. …",,https://scholar.google.com/scholar?q=related:DR1cZLLSibUJ:scholar.google.com/&scioq=intitle:%22defect+prediction%22+intitle:%22deep+learning%22&hl=en&as_sdt=2007&as_ylo=2016&as_yhi=2025
2,E Syyrilä,Using a deep learning tool for software defect prediction in new application development,2023,,lutpub.lut.fi,https://lutpub.lut.fi/handle/10024/166255,https://scholar.google.com/scholar?cites=18305370332381273904&as_sdt=2005&sciodt=2007&hl=en,65,01-11-2025 14:27,,,,,,,,,2,1,2,1,2,"… value of using a line-level, deep learning based software defect prediction tool as part of new … The model was found to perform better in line-level defect prediction in at least one case …",https://lutpub.lut.fi/bitstream/handle/10024/166255/Thesis_Elias_Syyril%C3%A4.pdf?sequence=1&isAllowed=y,https://scholar.google.com/scholar?q=related:MF-Pz1S9Cf4J:scholar.google.com/&scioq=intitle:%22defect+prediction%22+intitle:%22deep+learning%22&hl=en&as_sdt=2007&as_ylo=2016&as_yhi=2025
4,"MC Devi, TD Rajkumar",A novel attention based deep learning model for software defect prediction with bidirectional word embedding system,2025,Soft Computing,Springer,https://link.springer.com/article/10.1007/s00500-025-10475-5,https://scholar.google.com/scholar?cites=16821782949344223787&as_sdt=2005&sciodt=2007&hl=en,66,01-11-2025 14:27,,10.1007/s00500-025-10475-5,,,,,,,4,4,2,2,1,"… Software defect prediction (SDP) is considered a dynamic … a novel attention-included Deep Learning (DL) model for SDP … -based SoftMax layer for defect prediction, in which the cross-…",,https://scholar.google.com/scholar?q=related:K6JigHf6cukJ:scholar.google.com/&scioq=intitle:%22defect+prediction%22+intitle:%22deep+learning%22&hl=en&as_sdt=2007&as_ylo=2016&as_yhi=2025
26,S Albahli,A deep ensemble learning method for effort-aware just-in-time defect prediction,2019,Future Internet,mdpi.com,https://www.mdpi.com/1999-5903/11/12/246,https://scholar.google.com/scholar?cites=5046635910253364225&as_sdt=2005&sciodt=2007&hl=en,67,01-11-2025 14:27,HTML,,,,,,,,26,4.33,26,1,6,"… They proved that instead of using the file and package level for defect prediction, we should … on using the deep learning fusion-based techniques for the defect prediction and achieved …",https://www.mdpi.com/1999-5903/11/12/246,https://scholar.google.com/scholar?q=related:AcRhRZ9ACUYJ:scholar.google.com/&scioq=intitle:%22defect+prediction%22+intitle:%22deep+learning%22&hl=en&as_sdt=2007&as_ylo=2016&as_yhi=2025
7,"MO Elish, K Elish",An Empirical Comparison of Resampling Ensemble Methods of Deep Learning Neural Networks for Cross-Project Software Defect Prediction.,2021,International Journal of Intelligent Engineering & …,inass.org,https://inass.org/wp-content/uploads/2021/06/2021063018.pdf,https://scholar.google.com/scholar?cites=15929755676482636685&as_sdt=2005&sciodt=2007&hl=en,68,01-11-2025 14:27,PDF,,,,,,,,7,1.75,4,2,4,"… of effective software defect prediction models. Cross-project software defect prediction refers to … On one hand, cross-project defect prediction is more practical and industrially viable than …",https://inass.org/wp-content/uploads/2021/06/2021063018.pdf,https://scholar.google.com/scholar?q=related:jYuCZ2PcEd0J:scholar.google.com/&scioq=intitle:%22defect+prediction%22+intitle:%22deep+learning%22&hl=en&as_sdt=2007&as_ylo=2016&as_yhi=2025
1,RA Dos Santos,Just-In-Time Software Defect Prediction using a deep learning-based model,2024,New Trends in Computer Sciences,journals.vilniustech.lt,https://journals.vilniustech.lt/index.php/NTCS/article/view/22274,https://scholar.google.com/scholar?cites=10981830215131111823&as_sdt=2005&sciodt=2007&hl=en,70,01-11-2025 14:27,,,,,,,,,1,1,1,1,1,… a Deep Learning-based approach for Just-In-Time Software Defect Prediction using a large … The Deep Learning model was trained to identify defects by analyzing the software metrics …,https://journals.vilniustech.lt/index.php/NTCS/article/download/22274/12700/,https://scholar.google.com/scholar?q=related:j6GKfGVMZ5gJ:scholar.google.com/&scioq=intitle:%22defect+prediction%22+intitle:%22deep+learning%22&hl=en&as_sdt=2007&as_ylo=2016&as_yhi=2025
2,"XG Yang, Z Li, T Li, WJ Chu…",Software defect prediction method based on rgb image and deep learning,2023,… Symposium on Intelligent …,ieeexplore.ieee.org,https://ieeexplore.ieee.org/abstract/document/10227866/,https://scholar.google.com/scholar?cites=11787360565301541644&as_sdt=2005&sciodt=2007&hl=en,71,01-11-2025 14:27,,,,,,,,,2,1,0,5,2,"… of software defect prediction is a problem [1]. At present, software defect prediction uses a … To solve this problem, a method combining deep learning with RGB image is proposed in …",,https://scholar.google.com/scholar?q=related:DPs-ZvsdlaMJ:scholar.google.com/&scioq=intitle:%22defect+prediction%22+intitle:%22deep+learning%22&hl=en&as_sdt=2007&as_ylo=2016&as_yhi=2025
2,"S Charan, S Sinha, SM Sujan…",Accuracy Prediction of Ensemble Deep Learning Model through Software Defect Prediction,2024,… Conference on Data …,ieeexplore.ieee.org,https://ieeexplore.ieee.org/abstract/document/10594340/,https://scholar.google.com/scholar?cites=8278968724482511031&as_sdt=2005&sciodt=2007&hl=en,72,01-11-2025 14:27,,,,,,,,,2,2,1,4,1,"… , this study proposes a novel deep learning (DL) method for software defect prediction (SDP). This … We achieved an accuracy of 0.78, indicating promising results for defect prediction in …",,https://scholar.google.com/scholar?q=related:t1BZ6TDO5HIJ:scholar.google.com/&scioq=intitle:%22defect+prediction%22+intitle:%22deep+learning%22&hl=en&as_sdt=2007&as_ylo=2016&as_yhi=2025
3,"A Oberoi, A Vats, A Sivasangari…",Research on Efficient Software Defect Prediction Using Deep Learning Approaches,2022,2022 2nd International …,ieeexplore.ieee.org,https://ieeexplore.ieee.org/abstract/document/9988292/,https://scholar.google.com/scholar?cites=8190894129092016516&as_sdt=2005&sciodt=2007&hl=en,73,01-11-2025 14:27,,,,,,,,,3,1,1,4,3,"… A module that identifies defect prediction methods for frequent … This work introduces a deep learning-based Pattern-based … Thus, the proposed work on software defect prediction …",,https://scholar.google.com/scholar?q=related:hLlcLdDmq3EJ:scholar.google.com/&scioq=intitle:%22defect+prediction%22+intitle:%22deep+learning%22&hl=en&as_sdt=2007&as_ylo=2016&as_yhi=2025
3,"Q Fei, H Hu, G Yin, Z Sun",A Software Defect Prediction Method Using a Multivariate Heterogeneous Hybrid Deep Learning Algorithm.,2025,"Computers, Materials &Continua",search.ebscohost.com,https://search.ebscohost.com/login.aspx?direct=true&profile=ehost&scope=site&authtype=crawler&jrnl=15462218&AN=183351113&h=RSlzFB0dJlsDLP18cpXfOsq1mJ7mBLhFUWAX9BC4ZKkziarlHhAHM4VUuVSiLkPDs1ALk0AwIuNVX19YFfgfSA%3D%3D&crl=c,https://scholar.google.com/scholar?cites=16962903922089828876&as_sdt=2005&sciodt=2007&hl=en,74,01-11-2025 14:27,,,,,,,,,3,3,1,4,1,"… However, current research in software defect prediction often … hybrid deep learning algorithm for defect prediction (DP-… a fully connected neural network for defect prediction. Finally, the …",https://cdn.techscience.press/files/cmc/2025/TSP_CMC-82-2/TSP_CMC_58931/TSP_CMC_58931.pdf,https://scholar.google.com/scholar?q=related:DKI-az5XaOsJ:scholar.google.com/&scioq=intitle:%22defect+prediction%22+intitle:%22deep+learning%22&hl=en&as_sdt=2007&as_ylo=2016&as_yhi=2025
3,"W Wu, C Feng, H Ren, X Han…",Research on software defect prediction system based on deep learning,2022,… on Mechatronics and …,spiedigitallibrary.org,https://www.spiedigitallibrary.org/conference-proceedings-of-spie/12500/125005W/Research-on-software-defect-prediction-system-based-on-deep-learning/10.1117/12.2660800.short,https://scholar.google.com/scholar?cites=12990126583933074746&as_sdt=2005&sciodt=2007&hl=en,75,01-11-2025 14:27,,10.1117/12.2660800.short,,,,,,,3,1,1,5,3,"… In this paper, a deep learning-based software defect prediction system is proposed for the high reliability requirements of aerospace software, and the process of generating a prediction …",,https://scholar.google.com/scholar?q=related:On2wrk0zRrQJ:scholar.google.com/&scioq=intitle:%22defect+prediction%22+intitle:%22deep+learning%22&hl=en&as_sdt=2007&as_ylo=2016&as_yhi=2025
2,"Y Wang, Y Li, Y Ren, J Yu",Enhancing cross-project just-in-time defect prediction with active deep learning,2023,2023 IEEE 23rd International …,ieeexplore.ieee.org,https://ieeexplore.ieee.org/abstract/document/10430009/,https://scholar.google.com/scholar?cites=13877761384093171320&as_sdt=2005&sciodt=2007&hl=en,76,01-11-2025 14:27,,,,,,,,,2,1,1,4,2,… a novel cross-project JIT software defect prediction method based on active deep learning. It utilizes a data-driven approach in active deep learning to obtain a small number of valuable …,,https://scholar.google.com/scholar?q=related:eL6BiHO2l8AJ:scholar.google.com/&scioq=intitle:%22defect+prediction%22+intitle:%22deep+learning%22&hl=en&as_sdt=2007&as_ylo=2016&as_yhi=2025
4,"CY Huang, C Huang, MC Yang…",A study of applying deep learning-based weighted combinations to improve defect prediction accuracy and effectiveness,2019,2019 IEEE International …,ieeexplore.ieee.org,https://ieeexplore.ieee.org/abstract/document/8978786/,https://scholar.google.com/scholar?cites=992573402886895737&as_sdt=2005&sciodt=2007&hl=en,77,01-11-2025 14:27,,,,,,,,,4,0.67,1,4,6,… for deep learning [1][2]… defect prediction and deep learning techniques. Section 3 shows how to incorporate the methods of weighted combinations into defect prediction in deep learning…,,https://scholar.google.com/scholar?q=related:efiSREBUxg0J:scholar.google.com/&scioq=intitle:%22defect+prediction%22+intitle:%22deep+learning%22&hl=en&as_sdt=2007&as_ylo=2016&as_yhi=2025
0,M Jorayeva,Deep Learning-Based Defect Prediction for Mobile Apps,2022,,openaccess.iku.edu.tr,http://openaccess.iku.edu.tr/items/ab11ff59-252d-419e-8362-f5d3f014273a,,78,01-11-2025 14:27,,,,,,,,,0,0,0,1,3,… defect prediction model for mobile applications. We applied cross-project and used deep learning … Term Memory (LSTM) to develop a defect prediction model and applied it to Android …,http://openaccess.iku.edu.tr/bitstreams/e56fdc7b-f1fd-48e8-ad50-0ae52e4ba5c2/download,https://scholar.google.com/scholar?q=related:h3o93jVB_BMJ:scholar.google.com/&scioq=intitle:%22defect+prediction%22+intitle:%22deep+learning%22&hl=en&as_sdt=2007&as_ylo=2016&as_yhi=2025
0,S Abhichandani,Multi-Dimensional Software Defect Prediction using Ensemble and Deep Learning,2025,2025 3rd International Conference on …,ieeexplore.ieee.org,https://ieeexplore.ieee.org/abstract/document/11166995/,,79,01-11-2025 14:27,,,,,,,,,0,0,0,1,1,"… accurate defect prediction relative to state-of-practice feature-based methods [3]. Deep learning … Tekinerdogan, “On the use of deep learning in software defect prediction,” in Journal of …",,https://scholar.google.com/scholar?q=related:CHnolrm7YogJ:scholar.google.com/&scioq=intitle:%22defect+prediction%22+intitle:%22deep+learning%22&hl=en&as_sdt=2007&as_ylo=2016&as_yhi=2025
2,"B Dwarakanath, S Renuka, TV Brindha…",Software defect prediction using deep semantic feature learning,2023,… Algorithms and Soft …,ieeexplore.ieee.org,https://ieeexplore.ieee.org/abstract/document/10393261/,https://scholar.google.com/scholar?cites=12525519733212133589&as_sdt=2005&sciodt=2007&hl=en,80,01-11-2025 14:27,,,,,,,,,2,1,1,4,2,"… On the other hand, defect prediction semantic feature techniques have only lately … deep learning, a potent representation-learning approach, to fill the gap between defect prediction …",,https://scholar.google.com/scholar?q=related:1ThBldWV060J:scholar.google.com/&scioq=intitle:%22defect+prediction%22+intitle:%22deep+learning%22&hl=en&as_sdt=2007&as_ylo=2016&as_yhi=2025
1,"MS Samuthiram, RSM Vanamamalai",Surface defect prediction on printed circuit boards using a novel deep learning model with spatial and channel attention-based DenseNet,2025,Electrical Engineering,Springer,https://link.springer.com/article/10.1007/s00202-024-02737-6,https://scholar.google.com/scholar?cites=14211604198250199680&as_sdt=2005&sciodt=2007&hl=en,81,01-11-2025 14:27,,10.1007/s00202-024-02737-6,,,,,,,1,1,1,2,1,… This study proposes an optimal DL model for surface defect prediction on PCBs with a pre-trained CNN-based feature learning approach. There are four steps in the proposed system: …,,https://scholar.google.com/scholar?q=related:gDon1bjCOcUJ:scholar.google.com/&scioq=intitle:%22defect+prediction%22+intitle:%22deep+learning%22&hl=en&as_sdt=2007&as_ylo=2016&as_yhi=2025
0,"Z Ye, C Yu, Z Lu",Software Defect Prediction Model based on AST and Deep Learning,2025,Scalable Computing: Practice and Experience,scpe.org,https://scpe.org/index.php/scpe/article/view/4910,,83,01-11-2025 14:27,,,,,,,,,0,0,0,3,1,… The main contributions of this paper are as follows: We propose a software defect prediction model (ACNN) that combines AST semantic network and deep learning. Using AST to …,https://scpe.org/index.php/scpe/article/view/4910/1571,https://scholar.google.com/scholar?q=related:ju5mPrI08g8J:scholar.google.com/&scioq=intitle:%22defect+prediction%22+intitle:%22deep+learning%22&hl=en&as_sdt=2007&as_ylo=2016&as_yhi=2025
11,"AM Ismail, SH Ab Hamid, AA Sani, NNM Daud",Toward reduction in false positives just-in-time software defect prediction using deep reinforcement learning,2024,IEEE Access,ieeexplore.ieee.org,https://ieeexplore.ieee.org/abstract/document/10485281/,https://scholar.google.com/scholar?cites=15483808818969993714&as_sdt=2005&sciodt=2007&hl=en,84,01-11-2025 14:27,,,,,,,,,11,11,3,4,1,"… The effectiveness of other deep learning classifiers remains unverified and needs to be studied in the future. Furthermore, the proposed approach employs commonly used change …",https://ieeexplore.ieee.org/iel7/6287639/6514899/10485281.pdf,https://scholar.google.com/scholar?q=related:8mHEiBWK4dYJ:scholar.google.com/&scioq=intitle:%22defect+prediction%22+intitle:%22deep+learning%22&hl=en&as_sdt=2007&as_ylo=2016&as_yhi=2025
2,"AA Aihong, BI Ya'U, U Ali, A Ahmad…",An optimized deep learning method for software defect prediction using Whale Optimization Algorithm,2024,"… технологий, механики и …",cyberleninka.ru,https://cyberleninka.ru/article/n/an-optimized-deep-learning-method-for-software-defect-prediction-using-whale-optimization-algorithm,https://scholar.google.com/scholar?cites=17573395300229144526&as_sdt=2005&sciodt=2007&hl=en,85,01-11-2025 14:27,HTML,,,,,,,,2,2,0,5,1,"… to save training time while improving deep learning model efficacy and detection rate. … Furthermore, for DO2 datasets, the three deep learning algorithms tested in this study had …",https://cyberleninka.ru/article/n/an-optimized-deep-learning-method-for-software-defect-prediction-using-whale-optimization-algorithm,https://scholar.google.com/scholar?q=related:zl-t7-o94fMJ:scholar.google.com/&scioq=intitle:%22defect+prediction%22+intitle:%22deep+learning%22&hl=en&as_sdt=2007&as_ylo=2016&as_yhi=2025
0,"G Xie, J Walker, J Middendorf, T Spears…",Deep learning-based multisensor fusion for in situ defect prediction in additive manufacturing,2025,Applications of …,spiedigitallibrary.org,https://www.spiedigitallibrary.org/conference-proceedings-of-spie/13606/136060G/Deep-learning-based-multisensor-fusion-for-in-situ-defect-prediction/10.1117/12.3063312.short,,86,01-11-2025 14:27,,10.1117/12.3063312.short,,,,,,,0,0,0,5,1,… deep learning approach for defect prediction in laser powder bed fusion (LPBF). The supervised deep learning … Defect prediction accuracy of 97.86% on independent test set is …,,https://scholar.google.com/scholar?q=related:b8X8WY55Tp4J:scholar.google.com/&scioq=intitle:%22defect+prediction%22+intitle:%22deep+learning%22&hl=en&as_sdt=2007&as_ylo=2016&as_yhi=2025
1,"A Ghaedi, A Khatibi Bardsiri…",A software defect prediction approach by cat hunting optimization (CHO) algorithm and deep learning based on the GAN-VGG16 networks,2023,… Defect Prediction …,papers.ssrn.com,https://papers.ssrn.com/sol3/Delivery.cfm?abstractid=4548638,https://scholar.google.com/scholar?cites=9798953556140199975&as_sdt=2005&sciodt=2007&hl=en,87,01-11-2025 14:27,PDF,,,,,,,,1,0.5,0,3,2,… This section presents a proposed method for software defect prediction with an improved cat optimization algorithm and deep learning. The innovation of the proposed method is as …,https://papers.ssrn.com/sol3/Delivery.cfm?abstractid=4548638,https://scholar.google.com/scholar?q=related:J5BJnFfg_IcJ:scholar.google.com/&scioq=intitle:%22defect+prediction%22+intitle:%22deep+learning%22&hl=en&as_sdt=2007&as_ylo=2016&as_yhi=2025
2,"J Fan, H Chen",Deep Learning-Based Automated Software Defect Prediction Model,2024,2024 4th International Symposium on …,ieeexplore.ieee.org,https://ieeexplore.ieee.org/abstract/document/10699271/,https://scholar.google.com/scholar?cites=3694683678458770040&as_sdt=2005&sciodt=2007&hl=en,90,01-11-2025 14:27,,,,,,,,,2,2,1,2,1,"… In summary, the automatic software defect prediction model based on deep learning proposed in this paper is superior to the traditional static code measurement method and the hybrid …",,https://scholar.google.com/scholar?q=related:ePL38zonRjMJ:scholar.google.com/&scioq=intitle:%22defect+prediction%22+intitle:%22deep+learning%22&hl=en&as_sdt=2007&as_ylo=2016&as_yhi=2025
0,"L Dhawan, A Bansal",Beyond Machine Learning: Exploring Deep Learning and Transformers for Software Defect Prediction,2024,International Conference on Data Analytics & …,Springer,https://link.springer.com/chapter/10.1007/978-981-96-3372-2_7,,91,01-11-2025 14:27,,10.1007/978-981-96-3372-2_7,,,,,,,0,0,0,2,1,"… To investigate the potential of DL for defect prediction, this study applies four established DL … deep learning techniques as-well as comparing the performance of standard deep learning …",,https://scholar.google.com/scholar?q=related:Ndgr-fmrsE8J:scholar.google.com/&scioq=intitle:%22defect+prediction%22+intitle:%22deep+learning%22&hl=en&as_sdt=2007&as_ylo=2016&as_yhi=2025
1,"M Yadav, V Singh, P Rastogi",Deep Learning for Software Defect Prediction in time,2018,2018 Fifth International …,ieeexplore.ieee.org,https://ieeexplore.ieee.org/abstract/document/8745804/,https://scholar.google.com/scholar?cites=12444719234649446&as_sdt=2005&sciodt=2007&hl=en,92,01-11-2025 14:27,,,,,,,,,1,0.14,0,3,7,… Now a day’s deep learning is playing an important role in … utilized various deep learning algorithms [1] for JIT defect prediction. … of JIT defect prediction techniques using deep learning. …,https://www.researchgate.net/profile/Vijendra-Singh-7/publication/334080551_Deep_Learning_for_Software_Defect_Prediction_in_time/links/5f7ff494a6fdccfd7b51ddea/Deep-Learning-for-Software-Defect-Prediction-in-time.pdf,https://scholar.google.com/scholar?q=related:Zo1P_Wc2LAAJ:scholar.google.com/&scioq=intitle:%22defect+prediction%22+intitle:%22deep+learning%22&hl=en&as_sdt=2007&as_ylo=2016&as_yhi=2025
1,"A Haldar, SK Pandey, AK Tripathi",Is Deep Learning Good Enough for Software Defect Prediction?,,Available at SSRN 4089137,papers.ssrn.com,https://papers.ssrn.com/sol3/papers.cfm?abstract_id=4089137,https://scholar.google.com/scholar?cites=16178831276514238138&as_sdt=2005&sciodt=2007&hl=en,93,01-11-2025 14:27,,,,,,,,,1,0,0,3,,"… have developed several deep learning or high computational models for software defect prediction. … This article explores the investigation of SDP using two deep learning techniques, ie, …",https://papers.ssrn.com/sol3/Delivery.cfm?abstractid=4089137,https://scholar.google.com/scholar?q=related:ul6crVPBhuAJ:scholar.google.com/&scioq=intitle:%22defect+prediction%22+intitle:%22deep+learning%22&hl=en&as_sdt=2007&as_ylo=2016&as_yhi=2025
6,"Y Sun, Y Sun, F Wu, XY Jing",Deep adversarial learning based heterogeneous defect prediction,2021,International Conference on Artificial …,Springer,https://link.springer.com/chapter/10.1007/978-3-030-78609-0_28,https://scholar.google.com/scholar?cites=2093790849629898372&as_sdt=2005&sciodt=2007&hl=en,94,01-11-2025 14:27,,10.1007/978-3-030-78609-0_28,,,,,,,6,1.5,2,4,4,"… scenario as heterogeneous defect prediction (HDP) [6, 7]. … Recently, deep learning is used to extract features in many … adversarial learning for heterogeneous defect prediction (DHDP). …",,https://scholar.google.com/scholar?q=related:hEYnMq-jDh0J:scholar.google.com/&scioq=intitle:%22defect+prediction%22+intitle:%22deep+learning%22&hl=en&as_sdt=2007&as_ylo=2016&as_yhi=2025
0,"G Pei, Z Lu, J Jin, R Feng",Hybrid Population Intelligence and Deep Learning Research for Software Defect Prediction,2023,2023 International Conference on …,ieeexplore.ieee.org,https://ieeexplore.ieee.org/abstract/document/10729750/,,95,01-11-2025 14:27,,,,,,,,,0,0,0,4,2,"… However, the performance of deep learning models is … defect prediction through the combined use of deep learning and … a more efficient and accurate defect prediction method for the …",,https://scholar.google.com/scholar?q=related:c2ESgoDMQCQJ:scholar.google.com/&scioq=intitle:%22defect+prediction%22+intitle:%22deep+learning%22&hl=en&as_sdt=2007&as_ylo=2016&as_yhi=2025
2,"AI Al Faizin, E Suharto, AP Widodo, H Faizal…",Software defect prediction using deep learning,2023,… SEMINAR ON NEW …,pubs.aip.org,https://pubs.aip.org/aip/acp/article-abstract/2738/1/060012/2894357,https://scholar.google.com/scholar?cites=16085437958409670730&as_sdt=2005&sciodt=2007&hl=en,96,01-11-2025 14:27,,10.1063/5.0142134/17936050/060012_1_5.0142134,,,,,,,2,1,0,5,2,"… To increase the reliability of the software a plethora of methods can be used to detect these defects, one of them is using deep learning. The use of deep learning can help us to extract …",https://pubs.aip.org/aip/acp/article-pdf/doi/10.1063/5.0142134/17936050/060012_1_5.0142134.pdf,https://scholar.google.com/scholar?q=related:StCXT5n0Ot8J:scholar.google.com/&scioq=intitle:%22defect+prediction%22+intitle:%22deep+learning%22&hl=en&as_sdt=2007&as_ylo=2016&as_yhi=2025
1,"R Verma, AK Verma",TIG weld defect prediction from weld pool images using deep convolutional neural network and transfer learning,2024,International Journal of …,inderscienceonline.com,https://www.inderscienceonline.com/doi/abs/10.1504/IJMR.2024.140279,https://scholar.google.com/scholar?cites=13180113719238116916&as_sdt=2005&sciodt=2007&hl=en,98,01-11-2025 14:27,,10.1504/IJMR.2024.140279,,,,,,,1,1,1,2,1,… The deep learning techniques such as deep CNN … a DCNN to improve weld defect prediction accuracy further. We have … and the selection of an appropriate network for defect prediction. …,,https://scholar.google.com/scholar?q=related:NMZwrpgr6bYJ:scholar.google.com/&scioq=intitle:%22defect+prediction%22+intitle:%22deep+learning%22&hl=en&as_sdt=2007&as_ylo=2016&as_yhi=2025
2,S Albahli,A deep ensemble learning method for effort-aware Just-In-Time defect prediction,2020,Applied Computer Science,bibliotekanauki.pl,https://bibliotekanauki.pl/articles/117652.pdf,https://scholar.google.com/scholar?cites=7738777174681723533&as_sdt=2005&sciodt=2007&hl=en,99,01-11-2025 14:27,PDF,,,,,,,,2,0.4,2,1,5,"… In contrast to previous work, we focus on using the deep learning ensembling techniques for the defect prediction. Later, implementing Deep ensembling using the XGboost, Random …",https://bibliotekanauki.pl/articles/117652.pdf,https://scholar.google.com/scholar?q=related:jSLOrNaoZWsJ:scholar.google.com/&scioq=intitle:%22defect+prediction%22+intitle:%22deep+learning%22&hl=en&as_sdt=2007&as_ylo=2016&as_yhi=2025
1,"KK Sharma, A Sinha, A Sharma",Software Defect Prediction using Deep Learning by Correlation Clustering of Testing Metrics,2022,International journal of electrical and …,hrcak.srce.hr,https://hrcak.srce.hr/clanak/420500,https://scholar.google.com/scholar?cites=12805761006743908501&as_sdt=2005&sciodt=2007&hl=en,100,01-11-2025 14:27,,,,,,,,,1,0.33,0,3,3,… Defect prediction is used to identify the sections of software that are most likely to cause … defect prediction models can be divided into two categories. Within-Project Defect Prediction …,https://hrcak.srce.hr/file/420500,https://scholar.google.com/scholar?q=related:lfCErckzt7EJ:scholar.google.com/&scioq=intitle:%22defect+prediction%22+intitle:%22deep+learning%22&hl=en&as_sdt=2007&as_ylo=2016&as_yhi=2025
0,"AA Anes, IY Badamasi, A Usman, A Abuzairu…",An optimized deep learning method for software defect prediction using Whale Optimization Algorithm,2024,Journal Scientific and …,ntv.ifmo.ru,https://ntv.ifmo.ru/en/article/22741/optimizirovannyy_metod_glubokogo_obucheniya_dlya_prognozirovaniya_defektov_programmnogo_obespecheniya_s_ispolzovaniem_algoritma_optimizacii_kita.htm,,102,01-11-2025 14:27,,,,,,,,,0,0,0,5,1,"… to save training time while improving deep learning model efficacy and detection rate. … Furthermore, for DO2 datasets, the three deep learning algorithms tested in this study had …",https://ntv.ifmo.ru/file/article/22741.pdf,https://scholar.google.com/scholar?q=related:qspZRn6gFkwJ:scholar.google.com/&scioq=intitle:%22defect+prediction%22+intitle:%22deep+learning%22&hl=en&as_sdt=2007&as_ylo=2016&as_yhi=2025
0,方定邦,A study of combining code representation techniques with deep learning for software defect prediction,2023,,hiroshima.repo.nii.ac.jp,https://hiroshima.repo.nii.ac.jp/record/2001760/files/k9337_1.pdf,,103,01-11-2025 14:27,,,,,,,,,0,0,0,1,2,"… Network (GHFNet) for defect prediction, combining high-level … features to form fused features for defect prediction in the code. … outperforms the reference algorithm for defect prediction. …",,https://scholar.google.com/scholar?q=related:EOq4Iu8IcG8J:scholar.google.com/&scioq=intitle:%22defect+prediction%22+intitle:%22deep+learning%22&hl=en&as_sdt=2007&as_ylo=2016&as_yhi=2025
5,M Anbu,… optimization deep stacked sparse auto encoder feature selection scorched gradient descent driven dropout XLM learning framework for software defect prediction,2022,Concurrency and Computation: Practice and …,Wiley Online Library,https://onlinelibrary.wiley.com/doi/abs/10.1002/cpe.7240,https://scholar.google.com/scholar?cites=6022841716308931509&as_sdt=2005&sciodt=2007&hl=en,104,01-11-2025 14:27,,10.1002/cpe.7240,,,,,,,5,1.67,5,1,3,"… ) is proposed in this article for software defect prediction. Here, an IMFO method is … deep learning based software defect prediction. The presented approach leverages deep learning …",,https://scholar.google.com/scholar?q=related:tXP_bqFulVMJ:scholar.google.com/&scioq=intitle:%22defect+prediction%22+intitle:%22deep+learning%22&hl=en&as_sdt=2007&as_ylo=2016&as_yhi=2025
0,"II Akkar, MS Abdul, AJ Jabbar",Enhanced Software Defect Prediction Using Deep Ensemble Learning for Proactive Quality Assurance.,2025,International Journal of …,search.ebscohost.com,https://search.ebscohost.com/login.aspx?direct=true&profile=ehost&scope=site&authtype=crawler&jrnl=23954116&AN=188609563&h=q56CPyNEChppUTZikiVXwNBsYEat0SBIYgdiQ9G0PLGFePgvMTwJOt3uGlRxjIKksz8roSmVHF8uE2i3EdXS%2FQ%3D%3D&crl=c,,105,01-11-2025 14:27,,,,,,,,,0,0,0,3,1,… They introduced the concept of deep learning as a model of the defect prediction mechanism with in-situ thermography methods. Despite the good outcomes of this approach when …,,https://scholar.google.com/scholar?q=related:v9Pd5yykFvEJ:scholar.google.com/&scioq=intitle:%22defect+prediction%22+intitle:%22deep+learning%22&hl=en&as_sdt=2007&as_ylo=2016&as_yhi=2025
0,"L Ma, L Liu, H Liu",Defect prediction of big data computer network based on deep learning model,2023,Applied Mathematics and Nonlinear Sciences,dialnet.unirioja.es,https://dialnet.unirioja.es/servlet/articulo?codigo=9267326,,106,01-11-2025 14:27,,,,,,,,,0,0,0,3,2,"… Experiments show that this model's prediction is better than standard software defect prediction, better than existing model-based software prediction models for fabric processes with …",,https://scholar.google.com/scholar?q=related:xfqRzBrBXWIJ:scholar.google.com/&scioq=intitle:%22defect+prediction%22+intitle:%22deep+learning%22&hl=en&as_sdt=2007&as_ylo=2016&as_yhi=2025
0,"JW Choi, TY Kim, D San RYU, JM BAIK…",Timely software defect prediction method and system based on deep learning,2025,US Patent App. 18 …,Google Patents,https://patents.google.com/patent/US20250225057A1/en,,107,01-11-2025 14:27,,,,,,,,,0,0,0,5,1,… -level defect prediction of the JIT defect prediction module 20 may be performed after each file is changed in an implementation step. The JIT defect prediction of the JIT defect prediction …,,https://scholar.google.com/scholar?q=related:75UVP3oyPqEJ:scholar.google.com/&scioq=intitle:%22defect+prediction%22+intitle:%22deep+learning%22&hl=en&as_sdt=2007&as_ylo=2016&as_yhi=2025
0,L Wang,Prediction of an Additive Manufacturing Defect Based on Deep Learning,2025,Intelligent and Sustainable Manufacturing,sciepublish.com,https://www.sciepublish.com/article/pii/503,,108,01-11-2025 14:27,HTML,,,,,,,,0,0,0,1,1,… Deep learning (DL) has the potential to analyze complex … data set (with unbalanced data) in the defect prediction. … and 5 columns (only LOF is used for deep learning in this paper). In the …,https://www.sciepublish.com/article/pii/503,https://scholar.google.com/scholar?q=related:QMz0kCXH5-QJ:scholar.google.com/&scioq=intitle:%22defect+prediction%22+intitle:%22deep+learning%22&hl=en&as_sdt=2007&as_ylo=2016&as_yhi=2025
0,QI LIANG,RESEARCH ON SOFTWARE DEFECT PREDICTION MODEL BASED ON DEEP LEARNING,2024,… AND TECHNOLOGY Учредители: Darcy &Roy Press …,elibrary.ru,https://elibrary.ru/item.asp?id=79945374,,109,01-11-2025 14:27,,,,,,,,,0,0,0,1,1,"… Recently, deep learning has demonstrated significant promise in software defect prediction, … of the models, this paper proposes a deep learning-based prediction model. The focus is …",,https://scholar.google.com/scholar?q=related:qfuBRpLi-oMJ:scholar.google.com/&scioq=intitle:%22defect+prediction%22+intitle:%22deep+learning%22&hl=en&as_sdt=2007&as_ylo=2016&as_yhi=2025
0,"Y Zhao, H Chen",Deep Incremental Learning of Imbalanced Data for Just-In-Time Software Defect Prediction,2023,arXiv preprint arXiv:2310.12289,arxiv.org,https://arxiv.org/abs/2310.12289,,110,01-11-2025 14:27,,,,,,,,,0,0,0,2,2,"… Ubayashi, “DeepJIT: an end-to-end deep learning framework for just-in-time defect prediction,” in 2019 IEEE/ACM 16th International Conference on Mining Software Repositories (MSR)…",https://arxiv.org/pdf/2310.12289,https://scholar.google.com/scholar?q=related:xzezHh4i5E4J:scholar.google.com/&scioq=intitle:%22defect+prediction%22+intitle:%22deep+learning%22&hl=en&as_sdt=2007&as_ylo=2016&as_yhi=2025
0,"A M'Baya, N Moalla",Deep Semantic and Strutural Features Learning based on Graph for Just-in-Time Defect Prediction.,2022,ENASE,scitepress.org,https://www.scitepress.org/PublishedPapers/2022/110618/110618.pdf,,111,01-11-2025 14:27,PDF,,,,,,,,0,0,0,2,3,… This paper proposes an end-to-end deep learning framework for just-in-time defect prediction to automatically learn expressive features from the set of code changes.We conduct …,https://www.scitepress.org/PublishedPapers/2022/110618/110618.pdf,https://scholar.google.com/scholar?q=related:tAxgDkTqlAAJ:scholar.google.com/&scioq=intitle:%22defect+prediction%22+intitle:%22deep+learning%22&hl=en&as_sdt=2007&as_ylo=2016&as_yhi=2025
13,"L Kumar, TG Dastidar, LB Murthy Neti…",Deep-learning approach with deepxplore for software defect severity level prediction,2021,… Science and Its …,Springer,https://link.springer.com/chapter/10.1007/978-3-030-87007-2_28,https://scholar.google.com/scholar?cites=15865045494119389039&as_sdt=2005&sciodt=2007&hl=en,112,01-11-2025 14:27,,10.1007/978-3-030-87007-2_28,,,,,,,13,3.25,3,4,4,"… This paper presents different deep learning models to predict defect severity level. … selection techniques, sampling techniques and deep learning models are analyzed and compared for …",,https://scholar.google.com/scholar?q=related:b9dl_tH2K9wJ:scholar.google.com/&scioq=intitle:%22defect+prediction%22+intitle:%22deep+learning%22&hl=en&as_sdt=2007&as_ylo=2016&as_yhi=2025
1,"최지원, 이재욱, 류덕산, 김순태",Analysis of Adversarial Learning-Based Deep Domain Adaptation for Cross-Version Defect Prediction,2023,Journal of KIISE,dbpia.co.kr,https://www.dbpia.co.kr/Journal/articleDetail?nodeId=NODE11435970,https://scholar.google.com/scholar?cites=13544230198283038989&as_sdt=2005&sciodt=2007&hl=en,113,01-11-2025 14:27,,,,,,,,,1,0.5,0,4,2,… defect prediction is a helpful technique for effective testing resource allocation. Software cross-version defect prediction … which can negatively affect defect prediction performance. Deep …,,https://scholar.google.com/scholar?q=related:DXHH3JrF9rsJ:scholar.google.com/&scioq=intitle:%22defect+prediction%22+intitle:%22deep+learning%22&hl=en&as_sdt=2007&as_ylo=2016&as_yhi=2025
0,H QATTOUS,Software Defect Density Prediction Using Deep Learning,,khaneprozhe.ir,,https://khaneprozhe.ir/wp-content/uploads/2024/05/3.pdf,,114,01-11-2025 14:27,PDF,,,,,,,,0,0,0,1,,"… In the field of defect prediction, we found multiple studies that use deep learning (especially convolutional neural network) to predict bugs from log files. Most of these studies were …",https://khaneprozhe.ir/wp-content/uploads/2024/05/3.pdf,https://scholar.google.com/scholar?q=related:RdZyBfsz9VcJ:scholar.google.com/&scioq=intitle:%22defect+prediction%22+intitle:%22deep+learning%22&hl=en&as_sdt=2007&as_ylo=2016&as_yhi=2025
1,L Wang,Prediction of the lack-of-fusion defect of laser powder bed fusion based on deep learning,2025,International Journal of AI for Materials and Design,accscience.com,https://accscience.com/journal/IJAMD/articles/online_first/5075,https://scholar.google.com/scholar?cites=5999304224595351725&as_sdt=2005&sciodt=2007&hl=en,123,01-11-2025 14:27,,,,,,,,,1,1,1,1,1,"… Deep learning (DL) is powerful in analyzing complex processes and predicting anomalies; however, much data is generally required for training a DL model. Experimental studies on …",,https://scholar.google.com/scholar?q=related:rZiBFmjPQVMJ:scholar.google.com/&scioq=intitle:%22defect+prediction%22+intitle:%22deep+learning%22&hl=en&as_sdt=2007&as_ylo=2016&as_yhi=2025
